provider,anime,episode,server,url
animeav1,/media/shuiro-no-kamen,https://animeav1.com/media/shuiro-no-kamen/1,HLS,https://player.zilla-networks.com/play/a59bb8c8bfd3d9c2c52a6ffc0bb85969
animeav1,/media/shuiro-no-kamen,https://animeav1.com/media/shuiro-no-kamen/1,UPNShare,https://animeav1.uns.bio/#6ush6c
animeav1,/media/shuiro-no-kamen,https://animeav1.com/media/shuiro-no-kamen/1,Voe,https://voe.sx/e/eqkpcfx42bep
animeav1,/media/shuiro-no-kamen,https://animeav1.com/media/shuiro-no-kamen/1,Byse,https://byselapuix.com/e/scjm4uy7vy7u
animeav1,/media/shuiro-no-kamen,https://animeav1.com/media/shuiro-no-kamen/1,MP4Upload,https://www.mp4upload.com/embed-875zghwo1874.html
animeav1,/media/shuiro-no-kamen,https://animeav1.com/media/shuiro-no-kamen/1,TransferIt,https://transfer.it/t/KiRubboFHbRZ
animeav1,/media/shuiro-no-kamen,https://animeav1.com/media/shuiro-no-kamen/1,Mega,https://mega.nz/file/3OQzXIoC#mZQzweFr15GUCxlZHr4HiF_C5ipBOE74AbMz9nbZsNY
animeav1,/media/shuiro-no-kamen,https://animeav1.com/media/shuiro-no-kamen/1,1Fichier,https://1fichier.com/?t1gg53ccoyw2q73zz0wr
animeav1,/media/shuiro-no-kamen,https://animeav1.com/media/shuiro-no-kamen/1,MP4Upload,https://www.mp4upload.com/875zghwo1874
veranimes,https://wwv.veranimes.net/anime/shuiro-no-kamen,https://wwv.veranimes.net/ver/shuiro-no-kamen-1,,https://bysesukior.com/e/qqqwfln5ihf4
veranimes,https://wwv.veranimes.net/anime/shuiro-no-kamen,https://wwv.veranimes.net/ver/shuiro-no-kamen-1,,https://bysesukior.com/e/qqqwfln5ihf4
veranimes,https://wwv.veranimes.net/anime/shuiro-no-kamen,https://wwv.veranimes.net/ver/shuiro-no-kamen-1,,https://bysesukior.com/e/qqqwfln5ihf4
veranimes,https://wwv.veranimes.net/anime/shuiro-no-kamen,https://wwv.veranimes.net/ver/shuiro-no-kamen-1,,https://dooodster.com/e/5pp01ow0bqwg
veranimes,https://wwv.veranimes.net/anime/shuiro-no-kamen,https://wwv.veranimes.net/ver/shuiro-no-kamen-1,,https://luluvdo.com/e/9b5a2rvw5ltf
veranimes,https://wwv.veranimes.net/anime/shuiro-no-kamen,https://wwv.veranimes.net/ver/shuiro-no-kamen-1,,https://filelions.top/v/wzuin505h8tn
veranimes,https://wwv.veranimes.net/anime/shuiro-no-kamen,https://wwv.veranimes.net/ver/shuiro-no-kamen-1,,https://streamwish.to/e/c1mo1lqc86w2
veranimes,https://wwv.veranimes.net/anime/shuiro-no-kamen,https://wwv.veranimes.net/ver/shuiro-no-kamen-1,,https://voe.sx/e/oydwf6itho26
veranimes,https://wwv.veranimes.net/anime/shuiro-no-kamen,https://wwv.veranimes.net/ver/shuiro-no-kamen-1,,https://uqload.is/embed-mc2nfsmkwhz5.html
veranimes,https://wwv.veranimes.net/anime/shuiro-no-kamen,https://wwv.veranimes.net/ver/shuiro-no-kamen-1,,https://mp4upload.com/embed-haiiji6zqj9v.html
veranimes,https://wwv.veranimes.net/anime/shuiro-no-kamen,https://wwv.veranimes.net/ver/shuiro-no-kamen-1,,https://mixdrop.ps/e/1nndmg4ouzop3z
veranimes,https://wwv.veranimes.net/anime/shuiro-no-kamen,https://wwv.veranimes.net/ver/shuiro-no-kamen-1,,https://bysesukior.com/e/qqqwfln5ihf4
veranimes,https://wwv.veranimes.net/anime/shuiro-no-kamen,https://wwv.veranimes.net/ver/shuiro-no-kamen-1,,https://bysesukior.com/e/qqqwfln5ihf4
veranimes,https://wwv.veranimes.net/anime/shuiro-no-kamen,https://wwv.veranimes.net/ver/shuiro-no-kamen-1,,https://bysesukior.com/e/qqqwfln5ihf4
veranimes,https://wwv.veranimes.net/anime/shuiro-no-kamen,https://wwv.veranimes.net/ver/shuiro-no-kamen-1,,https://dooodster.com/e/5pp01ow0bqwg
veranimes,https://wwv.veranimes.net/anime/shuiro-no-kamen,https://wwv.veranimes.net/ver/shuiro-no-kamen-1,,https://luluvdo.com/e/9b5a2rvw5ltf
veranimes,https://wwv.veranimes.net/anime/shuiro-no-kamen,https://wwv.veranimes.net/ver/shuiro-no-kamen-1,,https://filelions.top/v/wzuin505h8tn
veranimes,https://wwv.veranimes.net/anime/shuiro-no-kamen,https://wwv.veranimes.net/ver/shuiro-no-kamen-1,,https://streamwish.to/e/c1mo1lqc86w2
veranimes,https://wwv.veranimes.net/anime/shuiro-no-kamen,https://wwv.veranimes.net/ver/shuiro-no-kamen-1,,https://voe.sx/e/oydwf6itho26
veranimes,https://wwv.veranimes.net/anime/shuiro-no-kamen,https://wwv.veranimes.net/ver/shuiro-no-kamen-1,,https://uqload.is/embed-mc2nfsmkwhz5.html
veranimes,https://wwv.veranimes.net/anime/shuiro-no-kamen,https://wwv.veranimes.net/ver/shuiro-no-kamen-1,,https://mp4upload.com/embed-haiiji6zqj9v.html
veranimes,https://wwv.veranimes.net/anime/shuiro-no-kamen,https://wwv.veranimes.net/ver/shuiro-no-kamen-1,,https://mixdrop.ps/e/1nndmg4ouzop3z
monoschinos,https://vww.monoschinos2.net/anime/shuiro-no-kamen,https://vww.monoschinos2.net/ver/shuiro-no-kamen-episodio-1,,https://bysesukior.com/e/qqqwfln5ihf4
monoschinos,https://vww.monoschinos2.net/anime/shuiro-no-kamen,https://vww.monoschinos2.net/ver/shuiro-no-kamen-episodio-1,,https://bysesukior.com/e/qqqwfln5ihf4
monoschinos,https://vww.monoschinos2.net/anime/shuiro-no-kamen,https://vww.monoschinos2.net/ver/shuiro-no-kamen-episodio-1,,https://bysesukior.com/e/qqqwfln5ihf4
monoschinos,https://vww.monoschinos2.net/anime/shuiro-no-kamen,https://vww.monoschinos2.net/ver/shuiro-no-kamen-episodio-1,,https://dooodster.com/e/5pp01ow0bqwg
monoschinos,https://vww.monoschinos2.net/anime/shuiro-no-kamen,https://vww.monoschinos2.net/ver/shuiro-no-kamen-episodio-1,,https://luluvdo.com/e/9b5a2rvw5ltf
monoschinos,https://vww.monoschinos2.net/anime/shuiro-no-kamen,https://vww.monoschinos2.net/ver/shuiro-no-kamen-episodio-1,,https://filelions.top/v/wzuin505h8tn
monoschinos,https://vww.monoschinos2.net/anime/shuiro-no-kamen,https://vww.monoschinos2.net/ver/shuiro-no-kamen-episodio-1,,https://streamwish.to/e/c1mo1lqc86w2
monoschinos,https://vww.monoschinos2.net/anime/shuiro-no-kamen,https://vww.monoschinos2.net/ver/shuiro-no-kamen-episodio-1,,https://voe.sx/e/oydwf6itho26
monoschinos,https://vww.monoschinos2.net/anime/shuiro-no-kamen,https://vww.monoschinos2.net/ver/shuiro-no-kamen-episodio-1,,https://uqload.is/embed-mc2nfsmkwhz5.html
monoschinos,https://vww.monoschinos2.net/anime/shuiro-no-kamen,https://vww.monoschinos2.net/ver/shuiro-no-kamen-episodio-1,,https://mp4upload.com/embed-haiiji6zqj9v.html
monoschinos,https://vww.monoschinos2.net/anime/shuiro-no-kamen,https://vww.monoschinos2.net/ver/shuiro-no-kamen-episodio-1,,https://mixdrop.ps/e/1nndmg4ouzop3z
monoschinos,https://vww.monoschinos2.net/anime/toaru-anbu-no-item,https://vww.monoschinos2.net/ver/toaru-anbu-no-item-episodio-1,,https://bysesukior.com/e/tin3xymmklgj
monoschinos,https://vww.monoschinos2.net/anime/toaru-anbu-no-item,https://vww.monoschinos2.net/ver/toaru-anbu-no-item-episodio-1,,https://bysesukior.com/e/tin3xymmklgj
monoschinos,https://vww.monoschinos2.net/anime/toaru-anbu-no-item,https://vww.monoschinos2.net/ver/toaru-anbu-no-item-episodio-1,,https://bysesukior.com/e/tin3xymmklgj
monoschinos,https://vww.monoschinos2.net/anime/toaru-anbu-no-item,https://vww.monoschinos2.net/ver/toaru-anbu-no-item-episodio-1,,https://dooodster.com/e/1u4ywnj1hxxx
monoschinos,https://vww.monoschinos2.net/anime/toaru-anbu-no-item,https://vww.monoschinos2.net/ver/toaru-anbu-no-item-episodio-1,,https://luluvdo.com/e/8qp0nlbahc9n
monoschinos,https://vww.monoschinos2.net/anime/toaru-anbu-no-item,https://vww.monoschinos2.net/ver/toaru-anbu-no-item-episodio-1,,https://streamwish.to/e/y1wyl88e791p
monoschinos,https://vww.monoschinos2.net/anime/toaru-anbu-no-item,https://vww.monoschinos2.net/ver/toaru-anbu-no-item-episodio-1,,https://voe.sx/e/bvl4f5cbhix9
monoschinos,https://vww.monoschinos2.net/anime/toaru-anbu-no-item,https://vww.monoschinos2.net/ver/toaru-anbu-no-item-episodio-1,,https://uqload.is/embed-989dehm29d3s.html
monoschinos,https://vww.monoschinos2.net/anime/toaru-anbu-no-item,https://vww.monoschinos2.net/ver/toaru-anbu-no-item-episodio-1,,https://mp4upload.com/embed-tv0i6xtei2n6.html
monoschinos,https://vww.monoschinos2.net/anime/toaru-anbu-no-item,https://vww.monoschinos2.net/ver/toaru-anbu-no-item-episodio-1,,https://mixdrop.ps/e/gjn9v8lohp0lgx
latanime,https://latanime.org/anime/avatar-los-siete-refugios,https://latanime.org/ver/avatar-los-siete-refugios-episodio-3,,https://playmogo.com/e/mtextrrn98y9
latanime,https://latanime.org/anime/avatar-los-siete-refugios,https://latanime.org/ver/avatar-los-siete-refugios-episodio-3,,https://bysekoze.com/e/l5wyw43yzj8y
latanime,https://latanime.org/anime/avatar-los-siete-refugios,https://latanime.org/ver/avatar-los-siete-refugios-episodio-3,,https://hexload.com/embed-qcs7keoodgah
latanime,https://latanime.org/anime/avatar-los-siete-refugios,https://latanime.org/ver/avatar-los-siete-refugios-episodio-3,,https://savefiles.com/e/m4n89f00tcow
latanime,https://latanime.org/anime/avatar-los-siete-refugios,https://latanime.org/ver/avatar-los-siete-refugios-episodio-3,,https://mega.nz/embed/#!Ei4hzJSD!v5aGtujEi38J5izUlTlVOpNHM_y5mBw4nUoC4PiAb-Y
latanime,https://latanime.org/anime/avatar-los-siete-refugios,https://latanime.org/ver/avatar-los-siete-refugios-episodio-3,,https://mixdrop.top/e/owwddp64ikv68g
latanime,https://latanime.org/anime/avatar-los-siete-refugios,https://latanime.org/ver/avatar-los-siete-refugios-episodio-3,,https://voe.sx/e/6iyheye7p0lw
latanime,https://latanime.org/anime/avatar-los-siete-refugios,https://latanime.org/ver/avatar-los-siete-refugios-episodio-3,,https://www.mp4upload.com/embed-15c9zgher5bw.html
latanime,https://latanime.org/anime/assassination-classroom-la-pelicula-el-tiempo-que-compartimos,https://latanime.org/ver/assassination-classroom-la-pelicula-el-tiempo-que-compartimos-episodio-1,,https://playmogo.com/e/ffev5yn9ydk2
latanime,https://latanime.org/anime/assassination-classroom-la-pelicula-el-tiempo-que-compartimos,https://latanime.org/ver/assassination-classroom-la-pelicula-el-tiempo-que-compartimos-episodio-1,,https://bysekoze.com/e/wtyhud600ky6
latanime,https://latanime.org/anime/assassination-classroom-la-pelicula-el-tiempo-que-compartimos,https://latanime.org/ver/assassination-classroom-la-pelicula-el-tiempo-que-compartimos-episodio-1,,https://hexload.com/embed-597thol4vd23
latanime,https://latanime.org/anime/assassination-classroom-la-pelicula-el-tiempo-que-compartimos,https://latanime.org/ver/assassination-classroom-la-pelicula-el-tiempo-que-compartimos-episodio-1,,https://savefiles.com/e/qbui42obpy63
latanime,https://latanime.org/anime/assassination-classroom-la-pelicula-el-tiempo-que-compartimos,https://latanime.org/ver/assassination-classroom-la-pelicula-el-tiempo-que-compartimos-episodio-1,,https://mega.nz/embed/#!uxg1CLKT!gbcWJtRdfOB9vSrzQi3c6UO0Hkhs5MPY-k38Vf0U8eM
latanime,https://latanime.org/anime/assassination-classroom-la-pelicula-el-tiempo-que-compartimos,https://latanime.org/ver/assassination-classroom-la-pelicula-el-tiempo-que-compartimos-episodio-1,,https://mixdrop.top/e/ow7666okc4n4pn
latanime,https://latanime.org/anime/assassination-classroom-la-pelicula-el-tiempo-que-compartimos,https://latanime.org/ver/assassination-classroom-la-pelicula-el-tiempo-que-compartimos-episodio-1,,https://voe.sx/e/zfcgogf71rlz
tvanime,https://tvanime.tv/anime/rezero-kara-hajimeru-isekai-seikatsu-4th-season,https://tvanime.tv/anime/rezero-kara-hajimeru-isekai-seikatsu-4th-season/episodio/episodio-19,Voe,https://voe.sx/e/m9utughpwjwp
tvanime,https://tvanime.tv/anime/rezero-kara-hajimeru-isekai-seikatsu-4th-season,https://tvanime.tv/anime/rezero-kara-hajimeru-isekai-seikatsu-4th-season/episodio/episodio-19,UPNShare,https://animeav1.uns.bio/#iohbzy
tvanime,https://tvanime.tv/anime/rezero-kara-hajimeru-isekai-seikatsu-4th-season,https://tvanime.tv/anime/rezero-kara-hajimeru-isekai-seikatsu-4th-season/episodio/episodio-19,Byse,https://byselapuix.com/e/tof2erk6kak9
tvanime,https://tvanime.tv/anime/bleach-sennen-kessen-hen-kashin-tan,https://tvanime.tv/anime/bleach-sennen-kessen-hen-kashin-tan/episodio/episodio-8,Mega,https://mega.nz/embed/GOAlXBaR#cei8653tmBM3jhSJ_1dITSHGACnhibDEfyixQ64GImg
tvanime,https://tvanime.tv/anime/bleach-sennen-kessen-hen-kashin-tan,https://tvanime.tv/anime/bleach-sennen-kessen-hen-kashin-tan/episodio/episodio-8,Voe,https://voe.sx/e/6vboyoqq9eoq
tvanime,https://tvanime.tv/anime/bleach-sennen-kessen-hen-kashin-tan,https://tvanime.tv/anime/bleach-sennen-kessen-hen-kashin-tan/episodio/episodio-8,MP4Upload,https://www.mp4upload.com/embed-zvnzy0qjjvjs.html
tvanime,https://tvanime.tv/anime/bleach-sennen-kessen-hen-kashin-tan,https://tvanime.tv/anime/bleach-sennen-kessen-hen-kashin-tan/episodio/episodio-8,UPNShare,https://animeav1.uns.bio/#vxttr9
tvanime,https://tvanime.tv/anime/bleach-sennen-kessen-hen-kashin-tan,https://tvanime.tv/anime/bleach-sennen-kessen-hen-kashin-tan/episodio/episodio-8,Byse,https://byselapuix.com/e/d5k0p2t105h7
